judul,tanggal,kategori,deskripsi
"Bundling Vision+ dan Telkomsel, Makin Seru Streaming Konten Spesial Juni","Selasa, 28 Juni 2022 - 09:53 WIB",TELCO,"Di bulan Juni ini, Vision+ hadir dengan berbagai konten menarik untuk menemani hari-hari Anda. Lebih seru, Vision+ juga mengadakan paket bundling dengan Telkomsel"
"Instagram Down, Pengguna Tumpahkan Keluhan di Twitter","Selasa, 28 Juni 2022 - 09:25 WIB",TELCO,"Media sosial Instagram dilaporkan mengalami gangguan alias down siang ini Selasa, 28 Juni 2022. Bahkan para pengguna Instagram beramai-ramai mengeluh di Twitter."
"Daftar Kekayaan Sergey Brin, Pendiri Google yang Baru Saja Bercerai","Selasa, 28 Juni 2022 - 09:14 WIB",TELCO,"Daftar kekayaan Sergey Brin sebagian besar memang berasal dari Google dan Alphabet, perusahaan teknologi raksasa yang ia dirikan."
Partai Perindo: Mars Partai Perindo dengan QR Code,,sponsored,"Lahir dari semangat untuk mengembalikan cita-cita kemerdekaan, Partai Perindo hadir untuk membangun Indonesia menjadi negara bersatu, berdaulat, adil dan makmur berlandaskan Pancasila."
"iPhone Paling Laris di Indonesia, Mana yang Sedang Anda Gunakan?","Selasa, 28 Juni 2022 - 08:41 WIB",GADGET,"iPhone paling laris di Indonesia memang menjadi banyak pertanyaan. Sayangnya, Apple dan lembaga riset tidak merilis data resmi terkait penjualan Apple di Indonesia."
"Aplikasi Bawaan HP Xiaomi yang Boleh Dihapus, Jangan Salah Pilih!","Senin, 27 Juni 2022 - 19:20 WIB",GADGET,Aplikasi bawaan HP Xiaomi yang boleh dihapus penting diketahui oleh Mi Fans. Karena faktanya ada banyak aplikasi bawaan pada HP Xiaomi yang bisa dihilangkan.
"Aplikasi iPhone Terbaik yang Wajib Dimiliki, Download Sekarang Juga!","Senin, 27 Juni 2022 - 18:58 WIB",GADGET,"Aplikasi iPhone terbaik yang wajib dimiliki perlu diketahui pengguna iOS. Tentu saja, agar mereka bisa mengoptimalkan penggunaan perangkat mereka. Juga, bisa mendapatkan benefit dari berbagai aplikasi yang menarik."
Cara Menyembunyikan Last Seen WhatsApp dari Kontak Tertentu,"Senin, 27 Juni 2022 - 18:20 WIB",TELCO,"Cara menyembunyikan Last Seen WhatsApp dari kontak tertentu penting diketahui. Sebab, fitur ini erat hubungannya dengan privasi."
"10 Aplikasi Khusus Xiaomi Terbaik dan Gratis, Sangat Bermanfaat","Senin, 27 Juni 2022 - 16:20 WIB",GADGET,Aplikasi khusus Xiaomi terbaik dan gratis ini bisa jadi rekomendasi bagi pengguna untuk berekspresi. Xiaomi memang menjadi smartphone yang banyak dimiliki orang karena spesifikasinya yang tangguh.
Penyebab dan Cara Mengatasi WhatsApp Tidak Bisa Mengirim Pesan,"Senin, 27 Juni 2022 - 14:32 WIB",TELCO,Penyebab dan cara mengatasi WhatsApp tidak bisa mengirim pesan perlu diketahui agar komunikasi bisa terjalin lancar.
"Begini Cara Menyimpan Nomor di WhatsApp Web, Mudah Banget","Senin, 27 Juni 2022 - 14:02 WIB",TELCO,"Cara menyimpan nomor di WhatsApp web bisa dilakukan dengan mudah. Dengan memahami ulasan ini, pengguna tidak perlu bingung lagi untuk menyimpan nomor pengguna lain melalui WhatsApp Web."
"Punya 60 Mode Olahraga, Amazfit BIP 3 Pro Dilengkapi GPS dan Sensor Jantung","Senin, 27 Juni 2022 - 09:35 WIB",ELEKTRONIK,"Amazfit kembali merilis ham tangan pintar terbaru seri tersebut, BIP 3 Pro, yang didedikasikan bagi para pecinta olahraga dan gaya hidup sehat. Kali ini kami pun berkesempatan untuk mereview jam tangan pintar seri BIP 3 pro."
"Cara Membuat NGL Link di Instagram, Ternyata Gampang Banget!","Senin, 27 Juni 2022 - 08:30 WIB",TELCO,Cara membuat NGL link di Instagram bisa dilakukan dengan mudah. NGL: anonymous Q&A memang sedang jadi tren belakangan ini.
"Kode Redeem FF Free Fire Senin 27 Juni 2022, Klaim Agar Senin Pagi Lebih Ceria","Senin, 27 Juni 2022 - 08:06 WIB",GAMES,"Kode Redeem FF Free Fire, Senin 27 Juni 2022, lebih menarik karena pemain bisa mendapat banyak sekali item gratis yang bisa digunakan."
Google Chrome Hadirkan 5 Fitur Penting Terbaru untuk iOS,"Minggu, 26 Juni 2022 - 19:01 WIB",TELCO,"Google Chrome bukan hanya perangkat desktop terbesar di dunia, tapi juga perangkat seluler yang paling populer. Hal itu membuat Google terus berupaya untuk menghadirkan fitur-fitur menarik"
"Digemari Masyarakat, Vinero Indonesia Juara Kategori Top Brand Products Winner 2022","Minggu, 26 Juni 2022 - 16:32 WIB",TELCO,"Vinero Indonesia, baru saja menyabet penghargaan di Indonesia Award Magazine sebagai Top Brand Products Winner 2022"
Pornhub Diduga Melakukan PHK 70 Persen Karyawan,"Minggu, 26 Juni 2022 - 14:02 WIB",TELCO,Situs pornografi terbesar di dunia Pornhub terus mendapatkan kabar tidak sedap. Perusahaan yang dioperasikan oleh MindGeek tersebut dikabarkan telah merumahkan ribuan karyawan mereka.
"Kode Redeem FF Free Fire Minggu 26 Juni 2022, Ini Item yang Kamu Cari!","Minggu, 26 Juni 2022 - 13:20 WIB",GAMES,"Kode Redeem FF Free Fire, Minggu 26 Juni 2022, lebih menarik karena pemain bisa mendapat banyak sekali item gratis yang bisa digunakan."
"460.000 Data Pribadi Penduduk Jepang Hilang, Ini Penyebabnya!","Minggu, 26 Juni 2022 - 06:03 WIB",TELCO,Seorang karyawan hilangkan data pribadi milik hampir setengah juta penduduk sebuah kota di Jepang karena mabuk sambil minum-minum dengan rekan kerja.
"Aktor Captain America Jadi Korban iOS 16, Terpaksa Pisah dengan iPhone Usang","Sabtu, 25 Juni 2022 - 15:03 WIB",GADGET,"Chris Evans, pemeran film Captain America terpaksa berpisah dengan ponsel usang miliknya, iPhone 6S yang telah digunakan selama tujuh tahun."
"Cara Menghapus Akun Shopee, Mudah dan Pasti Disetujui","Sabtu, 25 Juni 2022 - 13:42 WIB",TELCO,"Cara menghapus akun shopee rupanya bisa dilakukan dengan sangat mudah. Namun ingat, dengan menghapus akun, Anda tidak bisa lagi kembali ke akun lantaran penghapusan bersifat permanen."
judul,tanggal,kategori,deskripsi
"Bundling Vision+ dan Telkomsel, Makin Seru Streaming Konten Spesial Juni","Selasa, 28 Juni 2022 - 09:53 WIB",TELCO,"Di bulan Juni ini, Vision+ hadir dengan berbagai konten menarik untuk menemani hari-hari Anda. Lebih seru, Vision+ juga mengadakan paket bundling dengan Telkomsel"
"Instagram Down, Pengguna Tumpahkan Keluhan di Twitter","Selasa, 28 Juni 2022 - 09:25 WIB",TELCO,"Media sosial Instagram dilaporkan mengalami gangguan alias down siang ini Selasa, 28 Juni 2022. Bahkan para pengguna Instagram beramai-ramai mengeluh di Twitter."
"Daftar Kekayaan Sergey Brin, Pendiri Google yang Baru Saja Bercerai","Selasa, 28 Juni 2022 - 09:14 WIB",TELCO,"Daftar kekayaan Sergey Brin sebagian besar memang berasal dari Google dan Alphabet, perusahaan teknologi raksasa yang ia dirikan."
Partai Perindo: Mars Partai Perindo dengan QR Code,,sponsored,"Lahir dari semangat untuk mengembalikan cita-cita kemerdekaan, Partai Perindo hadir untuk membangun Indonesia menjadi negara bersatu, berdaulat, adil dan makmur berlandaskan Pancasila."
"iPhone Paling Laris di Indonesia, Mana yang Sedang Anda Gunakan?","Selasa, 28 Juni 2022 - 08:41 WIB",GADGET,"iPhone paling laris di Indonesia memang menjadi banyak pertanyaan. Sayangnya, Apple dan lembaga riset tidak merilis data resmi terkait penjualan Apple di Indonesia."
"Aplikasi Bawaan HP Xiaomi yang Boleh Dihapus, Jangan Salah Pilih!","Senin, 27 Juni 2022 - 19:20 WIB",GADGET,Aplikasi bawaan HP Xiaomi yang boleh dihapus penting diketahui oleh Mi Fans. Karena faktanya ada banyak aplikasi bawaan pada HP Xiaomi yang bisa dihilangkan.
"Aplikasi iPhone Terbaik yang Wajib Dimiliki, Download Sekarang Juga!","Senin, 27 Juni 2022 - 18:58 WIB",GADGET,"Aplikasi iPhone terbaik yang wajib dimiliki perlu diketahui pengguna iOS. Tentu saja, agar mereka bisa mengoptimalkan penggunaan perangkat mereka. Juga, bisa mendapatkan benefit dari berbagai aplikasi yang menarik."
Cara Menyembunyikan Last Seen WhatsApp dari Kontak Tertentu,"Senin, 27 Juni 2022 - 18:20 WIB",TELCO,"Cara menyembunyikan Last Seen WhatsApp dari kontak tertentu penting diketahui. Sebab, fitur ini erat hubungannya dengan privasi."
"10 Aplikasi Khusus Xiaomi Terbaik dan Gratis, Sangat Bermanfaat","Senin, 27 Juni 2022 - 16:20 WIB",GADGET,Aplikasi khusus Xiaomi terbaik dan gratis ini bisa jadi rekomendasi bagi pengguna untuk berekspresi. Xiaomi memang menjadi smartphone yang banyak dimiliki orang karena spesifikasinya yang tangguh.
Penyebab dan Cara Mengatasi WhatsApp Tidak Bisa Mengirim Pesan,"Senin, 27 Juni 2022 - 14:32 WIB",TELCO,Penyebab dan cara mengatasi WhatsApp tidak bisa mengirim pesan perlu diketahui agar komunikasi bisa terjalin lancar.
"Begini Cara Menyimpan Nomor di WhatsApp Web, Mudah Banget","Senin, 27 Juni 2022 - 14:02 WIB",TELCO,"Cara menyimpan nomor di WhatsApp web bisa dilakukan dengan mudah. Dengan memahami ulasan ini, pengguna tidak perlu bingung lagi untuk menyimpan nomor pengguna lain melalui WhatsApp Web."
"Punya 60 Mode Olahraga, Amazfit BIP 3 Pro Dilengkapi GPS dan Sensor Jantung","Senin, 27 Juni 2022 - 09:35 WIB",ELEKTRONIK,"Amazfit kembali merilis ham tangan pintar terbaru seri tersebut, BIP 3 Pro, yang didedikasikan bagi para pecinta olahraga dan gaya hidup sehat. Kali ini kami pun berkesempatan untuk mereview jam tangan pintar seri BIP 3 pro."
"Cara Membuat NGL Link di Instagram, Ternyata Gampang Banget!","Senin, 27 Juni 2022 - 08:30 WIB",TELCO,Cara membuat NGL link di Instagram bisa dilakukan dengan mudah. NGL: anonymous Q&A memang sedang jadi tren belakangan ini.
"Kode Redeem FF Free Fire Senin 27 Juni 2022, Klaim Agar Senin Pagi Lebih Ceria","Senin, 27 Juni 2022 - 08:06 WIB",GAMES,"Kode Redeem FF Free Fire, Senin 27 Juni 2022, lebih menarik karena pemain bisa mendapat banyak sekali item gratis yang bisa digunakan."
Google Chrome Hadirkan 5 Fitur Penting Terbaru untuk iOS,"Minggu, 26 Juni 2022 - 19:01 WIB",TELCO,"Google Chrome bukan hanya perangkat desktop terbesar di dunia, tapi juga perangkat seluler yang paling populer. Hal itu membuat Google terus berupaya untuk menghadirkan fitur-fitur menarik"
"Digemari Masyarakat, Vinero Indonesia Juara Kategori Top Brand Products Winner 2022","Minggu, 26 Juni 2022 - 16:32 WIB",TELCO,"Vinero Indonesia, baru saja menyabet penghargaan di Indonesia Award Magazine sebagai Top Brand Products Winner 2022"
Pornhub Diduga Melakukan PHK 70 Persen Karyawan,"Minggu, 26 Juni 2022 - 14:02 WIB",TELCO,Situs pornografi terbesar di dunia Pornhub terus mendapatkan kabar tidak sedap. Perusahaan yang dioperasikan oleh MindGeek tersebut dikabarkan telah merumahkan ribuan karyawan mereka.
"Kode Redeem FF Free Fire Minggu 26 Juni 2022, Ini Item yang Kamu Cari!","Minggu, 26 Juni 2022 - 13:20 WIB",GAMES,"Kode Redeem FF Free Fire, Minggu 26 Juni 2022, lebih menarik karena pemain bisa mendapat banyak sekali item gratis yang bisa digunakan."
"460.000 Data Pribadi Penduduk Jepang Hilang, Ini Penyebabnya!","Minggu, 26 Juni 2022 - 06:03 WIB",TELCO,Seorang karyawan hilangkan data pribadi milik hampir setengah juta penduduk sebuah kota di Jepang karena mabuk sambil minum-minum dengan rekan kerja.
"Aktor Captain America Jadi Korban iOS 16, Terpaksa Pisah dengan iPhone Usang","Sabtu, 25 Juni 2022 - 15:03 WIB",GADGET,"Chris Evans, pemeran film Captain America terpaksa berpisah dengan ponsel usang miliknya, iPhone 6S yang telah digunakan selama tujuh tahun."
"Cara Menghapus Akun Shopee, Mudah dan Pasti Disetujui","Sabtu, 25 Juni 2022 - 13:42 WIB",TELCO,"Cara menghapus akun shopee rupanya bisa dilakukan dengan sangat mudah. Namun ingat, dengan menghapus akun, Anda tidak bisa lagi kembali ke akun lantaran penghapusan bersifat permanen."
